"","Variety","endo"
"1","F2","field"
"2","Wuh07183i","sh2i"
"3","M6415","aeduwx"
"4","W822Gse","se"
"5","Wh10080","sh2"
"6","Wuh07422i","sh2i"
"7","We05410","se"
"8","We03418a","se"
"9","We09413","se"
"10","Check1","se"
"11","Wuh98032","sh2"
"12","W85","field"
"13","Wuh07429i","sh2i"
"14","We05401","se"
"15","We05411","se"
"16","Wuh09191i","sh2i"
"17","Wuh09170i","sh2i"
"18","Wuh09188i","sh2i"
"19","Wuh09098i","sh2i"
"20","W64A","field"
"21","M6411","aeduwx"
"22","Wh09068","sh2"
"23","Wuh07466i","sh2i"
"24","Fa32B","sh2i"
"25","V775","su1"
"26","Wuh09174i","sh2i"
"27","We02404","se"
"28","We02412","se"
"29","IL731a","se"
"30","Wh1095407-2","sh2"
"31","We09425","se"
"32","We01407","se"
"33","We06410","se"
"34","Wh07061a","sh2"
"35","IL696a","se"
"36","Wuh09164i","sh2i"
"37","IL766a","se"
"38","ILB5765","se"
"39","Wuh09183i","sh2i"
"40","Wh05032a","sh2"
"41","Wh10046R","sh2"
"42","Wh09075","sh2"
"43","Wuh09149i","sh2i"
"44","Wuh09093i","sh2i"
"45","Wh00065","sh2"
"46","F7","field"
"47","Wh10113R","sh2"
"48","Wh96015","sh2"
"49","Wh08042","sh2"
"50","Wh05066a","sh2"
"51","Wh04020a","sh2"
"52","Wh00033","sh2"
"53","R825","sh2"
"54","Wuh07177i","sh2i"
"55","Wh04036V","sh2"
"56","Wh09141R","sh2"
"57","Wh10006R","sh2"
"58","Wuh07186i","sh2i"
"59","Wh05051","sh2"
"60","Wh08022","sh2"
"61","Wh98044","sh2"
"62","Wh08091","sh2"
"63","Wuh09153i","sh2i"
"64","IL796a","su1"
"65","Wh93017","sh2"
"66","Wh05081a","sh2"
"67","Wuh09097i","sh2i"
"68","R851","sh2"
"69","Ind. 5817","su1"
"70","Wuh07413i","su1"
"71","Wh09061","sh2"
"72","Wh10049R","sh2"
"73","C42","su1"
"74","Wuh08127i","sh2i"
"75","IL775a","su1"
"76","We09402","se"
"77","We05408","se"
"78","Wh07165R","sh2"
"79","If853","su1"
"80","Wuh07481i","su1"
"81","Wh09033","sh2"
"82","Wuh09188i","su1"
"83","B5765","se"
"84","Wuh09144i","su1"
"85","We08414a","se"
"86","Wuh07413i","sh2i"
"87","T625","su1"
"88","M6388","aeduwx"
"89","Wh09117R","sh2"
"90","We05407","se"
"91","Wh08115b","sh2"
"92","We08417a","se"
"93","Wh96011","sh2"
"94","Wh93016","sh2"
"95","MR10","sh2i"
"96","Wh10110R","sh2"
"97","Wh07020a","sh2"
"98","Wh93006","sh2"
"99","Wh09009","sh2"
"100","Wh09087","sh2"
"101","Wh10804R","sh2"
"102","Wuh09144i","sh2i"
"103","Wh08092","sh2"
"104","Wh98063","sh2"
"105","We10401","se"
"106","Wh01001","sh2"
"107","If825","sh2"
"108","Fa56A","sh2i"
"109","IL747b","se"
"110","Wh10231V","sh2"
"111","Wh10216V","sh2"
"112","Wh10140R","sh2"
"113","Wh07051","sh2"
"114","Wh10173V","sh2"
"115","Wh07013","sh2"
"116","I45","su1"
"117","IL777a","su1"
"118","R853","sh2"
"119","Wh00051","sh2"
"120","Wh10035R","sh2"
"121","Wh03031","sh2"
"122","IL791a","su1"
"123","R839","sh2"
"124","Wh00050","sh2"
"125","Wh92054","sh2"
"126","Wh07166R","sh2"
"127","Il451b se","se"
"128","Wh96034","sh2"
"129","Ma609","su1"
"130","B73","field"
"131","Wh10802R","sh2"
"132","Wh92047","sh2"
"133","Wh09137R","sh2"
"134","IL778c","su1"
"135","EP85","sh2"
"136","We08408","se"
"137","IL803a","su1"
"138","IL744a","su1"
"139","IL767b","su1"
"140","SC1441","su1"
"141","Wuh09174i","su1"
"142","Wh9261","sh2"
"143","Wh94053","sh2"
"144","Wh95016a","sh2"
"145","IL772a","su1"
"146","IL733a","su1"
"147","Wh09126R","sh2"
"148","IL801a","su1"
"149","Ma401","su1"
"150","Wh09083","sh2"
"151","IL465a","su1"
"152","Wuh07481i","sh2i"
"153","We06409b","se"
"154","Wh10034R","sh2"
"155","We08408","sh2"
"156","EP84","sh2"
"157","IL784a","su1"
"158","IL798c","su1"
"159","Il677a","se"
"160","IL776a","su1"
"161","IL764b","su1"
"162","OH43","field"
"163","Wuh07182i","sh2i"
"164","IL44b","se"
"165","IL765a","su1"
"166","IL368a","su1"
"167","Wu00802","su1"
"168","IL802b","su1"
"169","83612b","su1"
"170","A10579","su1"
"171","OH7B","field"
"172","IL795a","su1"
"173","Mo17","field"
"174","M6421","aeduwx"
"175","34f","su1"
"176","IL14H","su1"
"177","SD226","su1"
"178","83610b","su1"
"179","Wh10163","sh2"
"180","IaEV3002","su1"
"181","T62s","su1"
"182","IL14b","su1"
"183","IL14C","su1"
"184","We02406","se"
"185","Il677a","su1"
"186","I817","su1"
"187","Wuh09150i","sh2i"
"188","IL804a","su1"
"189","IL794a","su1"
"190","471-U6","su1"
"191","IL751a","su1"
"192","IL757b","su1"
"193","SC6069","su1"
"194","IaEV3004","su1"
"195","Wu04401","su1"
"196","IL799b","su1"
"197","A632","field"
"198","IaEV3015","su1"
"199","IL607a","su1"
"200","IL779a","su1"
"201","IL47A","su1"
"202","DF14","field"
"203","IL773a","su1"
"204","IL370a","su1"
"205","LUTHER HILL","su1"
"206","Wu04806","su1"
"207","675A","su1"
"208","IL354a","su1"
"209","Wuh07422i","su1"
"210","W3647","su1"
"211","Jubileeex9017","su1"
"212","C40","su1"
"213","Ia59","su1"
"214","IL125b","su1"
"215","MDM-8","su1"
"216","IL797a","su1"
"217","IL279AxRp1d","su1"
"218","IL789b","su1"
"219","Check3","su1"
"220","IL325a","su1"
"221","IL103a","su1"
"222","MDM-5","su1"
"223","P39","su1"
"224","NJ112","su1"
"225","W822GSe","su1"
"226","SD176","su1"
"227","M5","su1"
"228","C4","su1"
"229","IL18b","su1"
"230","IL124a","su1"
"231","MDM-12","su1"
"232","Ia45-2","su1"
"233","IL7","su1"
"234","IL369b","su1"
"235","OLCOTT","su1"
"236","Check4","su1"
"237","W6714","su1"
"238","IL104g","su1"
"239","Wu04819","su1"
"240","IL21f","su1"
"241","IL27a","su1"
"242","IL11D","su1"
"243","Ia45-1","su1"
"244","MDM-16","su1"
"245","P14","su1"
"246","T32","su1"
"247","Wu99823","su1"
"248","T35","su1"
"249","IL393a","su1"
"250","Wuh08127i","su1"
"251","B5765","su1"
"252","C3","su1"
"253","MDM-21","su1"
"254","IL366a","su1"
"255","Ia2076","su1"
"256","W6366","su1"
"257","S43","su1"
"258","MDM-20","su1"
"259","GTS1","su1"
"260","C68R","su1"
"261","IaEV191","su1"
"262","M822","su1"
"263","MDM-23","su1"
"264","W6462","su1"
"265","Wu00801","su1"
"266","Ia5220","su1"
"267","IL13b","su1"
"268","MDM-19","su1"
"269","T24","su1"
"270","Ma2402","su1"
"271","NJ618","su1"
"272","Ia5125","su1"
"273","IL793a","su1"
"274","IL729a","su1"
"275","C6A","su1"
"276","S4","su1"
"277","IL761a","su1"
"278","EP60","su1"
"279","Ma83608","su1"
"280","SD829","su1"
"281","IL648","su1"
"282","C8w","su1"
"283","Ia453","su1"
"284","IL101t","su1"
"285","2","su1"
"286","81-1","su1"
"287","MDM-2","su1"
"288","AS11","su1"
"289","C27","su1"
"290","C1540","field"
"291","IL395a","su1"
"292","IL328a","su1"
"293","B5870","su1"
"294","C90","su1"
"295","EP83","su1"
"296","P51xRp1d","su1"
"297","M45","su1"
"298","GMBAB","su1"
"299","Me2","su1"
"300","IL442a","su1"
"301","Check2","su1"
"302","IL788a","su1"
"303","W6720-1","su1"
"304","IL545","su1"
"305","EP58","su1"
"306","G8","su1"
"307","C5-NT","su1"
"308","IL800a","su1"
"309","EP61","su1"
"310","C2","su1"
"311","M23","su1"
"312","304A","su1"
"313","W1736","su1"
"314","MDM-15","su1"
"315","VIA5492","su1"
"316","W6728","su1"
"317","C23","su1"
"318","SD884","su1"
"319","IL31a","su1"
"320","IL200e","su1"
"321","IL515a","su1"
"322","IL611a","su1"
"323","IL86e","su1"
"324","Me2rt","su1"
"325","Wu99811","su1"
"326","Ma5125","su1"
"327","C8p","su1"
"328","Vineland576","su1"
"329","MDM-1","su1"
"330","T33","su1"
"331","IL615a","su1"
"332","SD592","su1"
"333","W7151","su1"
"334","IL673a","su1"
"335","IL91j","su1"
"336","IL543c","su1"
"337","Ia4189","su1"
"338","IL661a","su1"
"339","IL701e","su1"
"340","IL618b","su1"
"341","W5552","su1"
"342","C5","su1"
"343","IL557a","su1"
"344","IL692c","su1"
"345","T20","su1"
"346","ILB6011","su1"
"347","IL678a","su1"
"348","C13","su1"
"349","C7","su1"
"350","NJ159","su1"
"351","IL323a","su1"
"352","Ia2730","su1"
"353","IL1171","su1"
"354","IL430a","su1"
"355","EP82","su1"
"356","Ia5261","su1"
"357","C22","su1"
"358","Wuh07469i","sh2i"
"359","NJ7Y","su1"
"360","Ia2132","su1"
"361","P51B","su1"
"362","Me100","su1"
"363","Me123","su1"
"364","IL437a","su1"
"365","SD789","su1"
"366","C7e","su1"
"367","IaCG4189","su1"
"368","C68R(x)-552:63","su1"
"369","SD469","su1"
"370","P39Goodman-Buckler","su1"
"371","EP62","su1"
"372","W6757","su1"
"373","Me1","su1"
"374","IL699e","su1"
"375","C12-1","su1"
"376","257A9","su1"
"377","W3742","su1"
"378","W5579","su1"
"379","IL454a","su1"
"380","Ia2003","su1"
"381","W6786","su1"
"382","IL676a","su1"
"383","ILB5870","su1"
"384","SD277","su1"
"385","IL713a","su1"
"386","IL453b","su1"
"387","C38","su1"
"388","SD245","su1"
"389","SD908","su1"
"390","A685su","su1"
"391","P51","su1"
"392","IL451b","su1"
"393","C18","su1"
"394","We11403","se"
"395","MDM-17","su1"
"396","IL318a","su1"
"397","C15","su1"
"398","Me121-wb","su1"
"399","V781","su1"
"400","C81","su1"
"401","A648","su1"
"402","P39LE-261:61","su1"
"403","MDM-18","su1"
"404","C30","su1"
"405","P39 Goodman Buckler","su1"
"406","Ia2256","su1"
"407","P39M94","su1"
"408","C65","su1"
"409","A684su","su1"
"410","P35","su1"
"411","Ma32","su1"
"412","IL112t","su1"
"413","P39M96","su1"
"414","P39a","su1"
"415","w3722","su1"
"416","A15","su1"
"417","C31","su1"
"418","IL303b","su1"
"419","SD883","su1"
"420","IL707a","su1"
"421","W5543","su1"
"422","Ia2256B","su1"
"423","Me244-wb","su1"
"424","WVG3","su1"
"425","Me135","su1"
"426","MDM-9","su1"
"427","P39LE-261","su1"
"428","P39xRp1d","su1"
"429","IL689a","su1"
"430","SD909","su1"
"431","P39b","su1"
"432","IL107a","su1"
"433","C27red","su1"
"434","We11404","se"
"435","A686su","su1"
"436","NJ116-wa","su1"
"437","P39(New)","su1"
"438","P39Le-253","su1"
"439","IP39","su1"
"440","IL671a","su1"
"441","C68","su1"
"442","P39Le-253:60","su1"
"443","IL110K","su1"
"444","ND1","su1"
"445","MDM-6","su1"
"446","A7","su1"
"447","C1540","su1"
